filename	unsplash_id	photographer	source	query
mdi-tdi-wanhua-antitrust-2026.jpg	Nh7n1Kxb43U	Grant Ritchie	https://unsplash.com/photos/metal-silos-against-blue-sky-Nh7n1Kxb43U	industrial chemical factory storage tanks
mdi-tdi-dow-huntsman-antitrust-2026.jpg	41X6FwTwPh4	Ricardo Gomez Angel	https://unsplash.com/photos/industrial-metal-pipes-and-valves-41X6FwTwPh4	chemical plant pipes industrial
mdi-tdi-basf-covestro-antitrust-2026.jpg	8yS04veb1TQ	ThisisEngineering	https://unsplash.com/photos/scientist-using-laptop-in-laboratory-8yS04veb1TQ	chemistry laboratory scientist
cpap-medical-data-incident-2026.jpg	Ip3Z-FoLl1Q	Slaapwijsheid.nl	https://unsplash.com/photos/a-woman-sleeping-in-a-bed-with-a-white-comforter-Ip3Z-FoLl1Q	CPAP sleep apnea machine bedroom
nyc-doc-strip-search-2026.jpg	Cf7XLAEo_0I	Aditya Chinchure	https://unsplash.com/photos/a-large-building-with-columns-and-pillars-in-front-of-it-Cf7XLAEo_0I	Foley Square courthouse New York
concora-credit-tcpa-2026.jpg	Dkn8-zPIbwo	Julian Hochgesang	https://unsplash.com/photos/black-ip-desk-phone-on-black-wooden-table-Dkn8-zPIbwo	smartphone incoming phone call desk
fujifilm-diosynth-data-2026.jpg	RlOAwXt2fEA	Julia Koblitz	https://unsplash.com/photos/scientist-using-pipette-with-test-tubes-in-lab-RlOAwXt2fEA	biotechnology scientist laboratory
la-jolla-group-data-2026.jpg	AJ-M3cETox8	Chidambara Avudaiappan	https://unsplash.com/photos/vintage-surfboard-on-brick-wall-AJ-M3cETox8	surf shop clothing
schnucks-rewards-tax-2026.jpg	Gk8LG7dsHWA	Tara Clark	https://unsplash.com/photos/woman-in-white-coat-holding-green-shopping-cart-Gk8LG7dsHWA	grocery store checkout rewards
vasindas-data-2026.jpg	bSXk1lOp8T0	Age Cymru	https://unsplash.com/photos/caregiver-assisting-elderly-couple-with-coloring-bSXk1lOp8T0	home caregiver senior healthcare
autobell-data-2026.jpg	Ng3xrviPrhk	Clément M.	https://unsplash.com/photos/grayscale-photo-of-black-car-Ng3xrviPrhk	automatic car wash
carter-credit-union-data-2026.jpg	VLg5MhJLTds	Museums Victoria	https://unsplash.com/photos/grayscale-photo-of-man-holding-paper-VLg5MhJLTds	credit union bank counter
southern-graphics-data-2026.jpg	Tzm3Oyu_6sk	Bank Phrom	https://unsplash.com/photos/printing-machine-Tzm3Oyu_6sk	commercial packaging printing press
twist-bioscience-securities-2026.jpg	fiXLQXAhCfk	Maxim Hopman	https://unsplash.com/photos/stock-market-candlestick-chart-on-dark-screen-fiXLQXAhCfk	biotechnology stock market investing
covenant-transport-job-posting-2026.jpg	EmEQ6kK_5P0	Caleb Ruiter	https://unsplash.com/photos/white-freight-truck-on-road-during-daytime-EmEQ6kK_5P0	truck driver highway logistics
wayne-memorial-hospital-data-2026.jpg	JtHwupBN3to	LEDC	https://unsplash.com/photos/modern-glass-building-with-curved-entrance-under-sky-JtHwupBN3to	community hospital exterior
highland-health-systems-data-2026.jpg	Ianw4RdVuoo	Total Shape	https://unsplash.com/photos/the-word-mental-health-spelled-with-scrabbles-next-to-a-green-leaf-Ianw4RdVuoo	mental health counseling clinic
amn-healthcare-cipa-2026.jpg	egCFrNJ6Djw	Vitaly Gariev	https://unsplash.com/photos/doctor-on-phone-working-on-laptop-in-office-egCFrNJ6Djw	medical interpreter video call
international-shoppes-data-2026.jpg	rUXh5USKfUQ	Briana Tozour	https://unsplash.com/photos/people-walking-through-sunlit-airport-terminal-rUXh5USKfUQ	airport shopping
high5-games-washington-2026.jpg	eMifpRdFOQU	Niek Doup	https://unsplash.com/photos/someone-is-playing-a-mobile-slot-machine-game-eMifpRdFOQU	mobile casino game smartphone
sugared-bronzed-tcpa-2026.jpg	WDmvpGs2060	Adam Winger	https://unsplash.com/photos/woman-in-gray-sweater-holding-white-clothes-hanger-WDmvpGs2060	beauty salon skincare treatment
levoit-air-purifier-2026.jpg	_Ib-JulMgzo	Álvaro Bernal	https://unsplash.com/photos/rectangular-white-device-_Ib-JulMgzo	home air purifier device
wpm-salina-data-2026.jpg	_9xRHrMOjeg	Trnava University	https://unsplash.com/photos/laboratory-workbench-with-microscope-and-equipment-_9xRHrMOjeg	pathology laboratory microscope
onetouchpoint-data-2026.jpg	CYrYxz-uvE4	Geri Sakti	https://unsplash.com/photos/industrial-printer-with-pink-banner-CYrYxz-uvE4	printing press
peco-foods-data-2026.jpg	auijD19Byq8	Ben Moreland	https://unsplash.com/photos/selective-focus-photography-of-brown-hen-auijD19Byq8	poultry farm chickens
regional-urology-data-2026.jpg	nMyM7fxpokE	Martha Dominguez de Gouveia	https://unsplash.com/photos/hospital-lobby-reception-with-signage-nMyM7fxpokE	medical clinic doctor office
mental-health-association-data-2026.jpg	F9DFuJoS9EU	Priscilla Du Preez 🇨🇦	https://unsplash.com/photos/woman-in-denim-jacket-sitting-F9DFuJoS9EU	mental health therapy counseling
california-casualty-data-2026.jpg	wMwPU2he3sQ	Mehdi Mirzaie	https://unsplash.com/photos/a-yellow-car-parked-in-front-of-a-blue-wall-wMwPU2he3sQ	car insurance documents vehicle
furniture-mart-usa-data-2026.jpg	j59xzCv8Hos	Albero Furniture Bratislava	https://unsplash.com/photos/a-living-room-filled-with-furniture-and-a-large-window-j59xzCv8Hos	furniture store showroom
summit-medical-data-2026.jpg	U4FyCp3-KzY	Piron Guillaume	https://unsplash.com/photos/medical-professionals-working-U4FyCp3-KzY	doctor medical team clinic
raging-waters-fee-2026.jpg	rkuaIT4D7y4	Wasif Mujahid	https://unsplash.com/photos/a-water-slide-in-the-middle-of-a-swimming-pool-rkuaIT4D7y4	water park slides
mortgage-investors-group-data-2026.jpg	doplSDELX7E	Romain Dancre	https://unsplash.com/photos/person-in-orange-long-sleeve-shirt-writing-on-white-paper-doplSDELX7E	mortgage home loan signing
