filename	domain	source
mdi-tdi-wanhua-antitrust-2026.png	en.whchem.com	https://www.google.com/s2/favicons?sz=128&domain=en.whchem.com
mdi-tdi-dow-huntsman-antitrust-2026.png	dow.com	https://www.google.com/s2/favicons?sz=128&domain=dow.com
mdi-tdi-basf-covestro-antitrust-2026.png	basf.com	https://www.google.com/s2/favicons?sz=128&domain=basf.com
cpap-medical-data-incident-2026.png	cpapmedical.com	https://www.google.com/s2/favicons?sz=128&domain=cpapmedical.com
nyc-doc-strip-search-2026.png	nyc.gov	https://www.google.com/s2/favicons?sz=128&domain=nyc.gov
concora-credit-tcpa-2026.png	about.concoracredit.com	https://www.google.com/s2/favicons?sz=128&domain=about.concoracredit.com
fujifilm-diosynth-data-2026.png	fujifilmdiosynth.com	https://www.google.com/s2/favicons?sz=128&domain=fujifilmdiosynth.com
la-jolla-group-data-2026.png	lajollagroup.com	https://www.google.com/s2/favicons?sz=128&domain=lajollagroup.com
schnucks-rewards-tax-2026.png	schnucks.com	https://www.google.com/s2/favicons?sz=128&domain=schnucks.com
vasindas-data-2026.png	bakersfieldcare.com	https://www.google.com/s2/favicons?sz=128&domain=bakersfieldcare.com
autobell-data-2026.png	autobell.com	https://www.google.com/s2/favicons?sz=128&domain=autobell.com
carter-credit-union-data-2026.png	cartercu.org	https://www.google.com/s2/favicons?sz=128&domain=cartercu.org
southern-graphics-data-2026.png	sgxgraphics.com	https://www.google.com/s2/favicons?sz=128&domain=sgxgraphics.com
twist-bioscience-securities-2026.png	twistbioscience.com	https://www.google.com/s2/favicons?sz=128&domain=twistbioscience.com
covenant-transport-job-posting-2026.png	covenantlogistics.com	https://www.google.com/s2/favicons?sz=128&domain=covenantlogistics.com
wayne-memorial-hospital-data-2026.png	wmhweb.com	https://www.google.com/s2/favicons?sz=128&domain=wmhweb.com
highland-health-systems-data-2026.png	highlandhealthsystems.org	https://www.google.com/s2/favicons?sz=128&domain=highlandhealthsystems.org
amn-healthcare-cipa-2026.png	amnhealthcare.com	https://www.google.com/s2/favicons?sz=128&domain=amnhealthcare.com
international-shoppes-data-2026.png	ishoppes.com	https://www.google.com/s2/favicons?sz=128&domain=ishoppes.com
high5-games-washington-2026.png	high5games.com	https://www.google.com/s2/favicons?sz=128&domain=high5games.com
sugared-bronzed-tcpa-2026.png	sugaredandbronzed.com	https://www.google.com/s2/favicons?sz=128&domain=sugaredandbronzed.com
levoit-air-purifier-2026.png	levoit.com	https://www.google.com/s2/favicons?sz=128&domain=levoit.com
wpm-salina-data-2026.png	wpmpath.com	https://www.google.com/s2/favicons?sz=128&domain=wpmpath.com
onetouchpoint-data-2026.png	1touchpoint.com	https://www.google.com/s2/favicons?sz=128&domain=1touchpoint.com
peco-foods-data-2026.png	pecofoods.com	https://www.google.com/s2/favicons?sz=128&domain=pecofoods.com
regional-urology-data-2026.png	ochsnerlsuhs.org	https://www.google.com/s2/favicons?sz=128&domain=ochsnerlsuhs.org
mental-health-association-data-2026.png	mhainc.org	https://www.google.com/s2/favicons?sz=128&domain=mhainc.org
california-casualty-data-2026.png	calcas.com	https://www.google.com/s2/favicons?sz=128&domain=calcas.com
furniture-mart-usa-data-2026.png	furnituremartusa.com	https://www.google.com/s2/favicons?sz=128&domain=furnituremartusa.com
summit-medical-data-2026.png	summitmedical.com	https://www.google.com/s2/favicons?sz=128&domain=summitmedical.com
raging-waters-fee-2026.png	ragingwaters.com	https://www.google.com/s2/favicons?sz=128&domain=ragingwaters.com
mortgage-investors-group-data-2026.png	migonline.com	https://www.google.com/s2/favicons?sz=128&domain=migonline.com
